product_name,real_category,prediction,,real_category
- 15 % sur les croquettes pour chat perfect fit,animalerie,animalerie,,animalerie
[latest version]victsing(r) 5500 dpi souris gaming/souris de jeu filaire avec led optique 5500 dpi max.7 bouton usb dpi reglable souris filaire pour p,high-tech,high-tech,,high-tech
"[nouveau]atoto a6 2din android car navigation stereo avec 2xbluetooth et 2a de recharge -premium a61710p 1g+16g auto-divertissement gps autoradio,partage d'internet via wifi/bt,pour 256go sd &plus",high-tech,high-tech,,cuisine et maison
[nouvelle generation] xiaomi d'origine mi band 2 wristband bracelet intelligent de sport bluetooth moniteur de frequence cardiaque ip67,high-tech,high-tech,,auto et moto
* seche-serviettes electrique a inertie fluide sauter marapi gris anthracite 750w,cuisine et maison,cuisine et maison,,epicerie
1 ensemble bouton noir interrupteur commande autoradio cd audio telecommande bouton voiture bluetooth cruise switch 6242z6,high-tech,high-tech,,hygiene et sante
10 ampoules t10 w5w 12v 5w orange,auto et moto,auto et moto,,jeux video
1080p wifi wireless media streaming player charcoalor for chromecast generation 1pcs portable wireless same screen,high-tech,high-tech,,vetements
"13"" macbook pro with touch bar (2019) - 512 gb ssd, silver",high-tech,jeux video,,bebe et puericulture
18 dosettes ese top 100 % arabica - pellini (327850191),epicerie,animalerie,,
18 jours de croquettes sur mesure pour orlie 2.826 kg,animalerie,cuisine et maison,,
180 capsules cafe nespresso,epicerie,epicerie,,
2 masques reutilisables,hygiene et sante,epicerie,,
2 pneus neige 165/70r213 avec jantes tole - saxo/106,auto et moto,auto et moto,,
2 rideaux beige opaques,cuisine et maison,cuisine et maison,,
205/50 r17 93w hankook k115,auto et moto,auto et moto,,
21 x capsules illy iperespresso boald roast (noir) (7464),epicerie,epicerie,,
"2pcs pour huawei honor 6x (2016) 5.5\\"" [ verre trempe] ultra mince...""",high-tech,high-tech,,
31 jours de croquettes sur mesure pour oria 10.788 kg,animalerie,jeux video,,
34 couches eco-midi t3 moltex 4-9 kg,animalerie,animalerie,,
4 enjoliveurs 13 pouces perm indiana stylway,auto et moto,auto et moto,,
4 enjoliveurs peugeot 208 16 pouces,auto et moto,auto et moto,,
4big.fun poele a pizza en fonte 22 cm et poele a pizza 22 cm,cuisine et maison,cuisine et maison,,
5 chaises de couleur taupe,cuisine et maison,cuisine et maison,,
5 x 40 capsules - l'or espresso splendente - 200 boissons - 5 x 208g - 4029225,epicerie,epicerie,,
"50,8 cm canape rouleaux (12)",cuisine et maison,cuisine et maison,,
6 x 16 capsules - the vert marrakech - nescafe dolce gusto(r) - 6 x 116g - 96 boissons - 12363002,epicerie,auto et moto,,
aberlour scotch whisky single malt forest reserve 10 ans 40% 70cl,epicerie,animalerie,,
abonnement a carte prepayee d'abonnement xbox live gold,jeux video,bebe et puericulture,,
"abonnement: dinde, patate douce, canneberge",animalerie,animalerie,,
"acana puppy large breed pour chiot- 11,4 kg",animalerie,animalerie,,
accelerate your keyboard playing [import anglais],high-tech,high-tech,,
adaptateur usb3 a-femelle vers b-male,high-tech,high-tech,,
"advance sterilized dinde, orge pour chat - 15 kg",animalerie,animalerie,,
affligem - biere blonde - pack de 12 x 25 cl,epicerie,animalerie,,
afrique du sud. rouge. pinotage,epicerie,epicerie,,
air raglan - t-shirt a manches longues,vetements,vetements,,
aj morgan - lunettes de soleil rondes avec double pont - dore,vetements,vetements,,
"akashi-tai honjozo genshu sake, 72 cl",epicerie,epicerie,,
"alfawise u20 plus imprimante 3d diy a grande echelle d'ecran tactile 2,8 pouces",high-tech,high-tech,,
aliment pour chat adulte tendres effiles en gelee aux poissons felix,animalerie,animalerie,,
alsace grand cru mambourg 2013 - marcel deiss,epicerie,epicerie,,
alternateur bmw 525 tds e39,auto et moto,hygiene et sante,,
amazonbasics rideau de douche en tissu imprime 180 x 200 cm carres bleus,cuisine et maison,cuisine et maison,,
"amplificateur de signal d'antenne de voiture,amplificateur d'antenne d'autoradio antenne reception amplificateur de signal pour connecteur ant-208 fakra de 5e generation",high-tech,high-tech,,
ancien vase rouleau en ceramique de saint amand hamage . nord. france,cuisine et maison,animalerie,,
animonda integra protect adult diabete 6 x 200 g pour chat- b?uf,animalerie,bebe et puericulture,,
anorak boonshine |blanc - 36/38 (fr) - s (us),epicerie,epicerie,,
aop bourgueil bio chateau gonflable rouge 75cl,epicerie,epicerie,,
aop cotes-du-rhone les combes de saint-sauveur rouge 75cl,epicerie,epicerie,,
apart fashion - chapeau - noir,vetements,vetements,,
apetamin sirop gain de poids assure 100% authentique envoi la semaine avant 10h!,hygiene et sante,hygiene et sante,,
"apple macbook air 11,6 zoll",high-tech,high-tech,,
"apple macbook pro 13.3"" retina core i5 a 2.6 ghz ssd 512 go - nouveau",high-tech,high-tech,,
"apple macbook pro 15 zoll, 8,2 anfang 2011, core i7 2ghz, 4 gb ram, 500 gb hd",high-tech,high-tech,,
"apple macbook pro 15"" retina comme neuf",high-tech,high-tech,,
"apple mf839b/a 13-inch macbook pro with retina display (intel core i5 2.7 ghz, 8 gb ram, 128 gb ssd, os x yosemite)",high-tech,high-tech,,
"apple watch se gps, boitier en aluminium argent de 40 mm, bracelet milanais or",high-tech,high-tech,,
apple watch series 4 gps aluminium gris sideral boucle sport noir 40 mm,high-tech,high-tech,,
"apple watch series 6 gps, boitier en aluminium argent de 40 mm, bracelet boucle unique blanc - taille 5",high-tech,high-tech,,
arboussa 2015 - les vignerons de tautavel vingrau,epicerie,epicerie,,
arcane la temperance - xavier vignon,epicerie,epicerie,,
archos 502591 balance connectee compatible android,hygiene et sante,bebe et puericulture,,
armoire ancienne style napoleon,cuisine et maison,cuisine et maison,,
"armoire double, porte miroir",cuisine et maison,cuisine et maison,,
armoire pax,cuisine et maison,cuisine et maison,,
armoires amovibles,cuisine et maison,cuisine et maison,,
"arnold 3121-u1-0003 jeu de cle a bougie, noir",auto et moto,auto et moto,,
asos design - combishort confort smocke a encolure degagee - noir,vetements,vetements,,
aspirateur ecologique sans sac classe a singer svc,cuisine et maison,cuisine et maison,,
aspirateur moulinex mo5263 pa compacteo ergo pa...,cuisine et maison,cuisine et maison,,
aspirateur sans sac rowenta ro8366 animal care pro - 1,cuisine et maison,cuisine et maison,,
assistant d'aide a la conduite coyote s,high-tech,high-tech,,
assortiment mousses pour chat,animalerie,animalerie,,
atmosphasre - 216210 - drap plat uni - 260 x 300 cm - atmo blanc,cuisine et maison,cuisine et maison,,
attelage a00201,auto et moto,auto et moto,,
"AURSTOR Aurstore Etui Coque pour Iphone Se 2020,Iphone 8,Coque Iphone 7,Protection Housse en Cuir PU Portefeuille,[Ranges Cartes],[Languette Magnétique] pour (Iphone 7/8 (4,7 Pouces), Rouge)",high-tech,high-tech,,
autocollant plaque immatriculation voiture dpt 79 deux sevres,auto et moto,auto et moto,,
baileys original irish cream liqueur 1l,epicerie,epicerie,,
"balance de bain numerique weight reading, balance electronique rose balance de chargement usb, balances electroniques a domicile balance de pesee corporelle precise - pese-personnes @ 26 * 26",hygiene et sante,hygiene et sante,,
balvenie caribbean cask 14 year old single malt scotch whisky 70cl,epicerie,epicerie,,
bandeau sport bluetooth ecouteurs hd stereo casque sommeil sans fil,high-tech,cuisine et maison,,
barre de toit volkswagn adaptable,auto et moto,auto et moto,,
batterie mapex tornado,auto et moto,vetements,,
batterie ytx14-bs 12v moto scooter quad 12ah neuf atx14-bs ftx14-bs gtx14-bs,auto et moto,auto et moto,,
beats by dr dre powerbeats2 on-ear headphones hooked wireless blue #082,high-tech,high-tech,,
beats studio 3 casque bluetooth - matte black,high-tech,high-tech,,
beats studio casque audio supra-auriculaire - blanc,high-tech,high-tech,,
"beausejour, crozes hermitage vin rouge, 2016",epicerie,epicerie,,
"bedsure plaid a manche polaire - couverture a manche et poche portable en microfibre, couverture tv doux et confortbale, 170x200 cm rouge fonce",cuisine et maison,cuisine et maison,,
"benq 27\ led - gw2780 """,high-tech,high-tech,,
bermuda en molleton avec poche a soufflet,vetements,vetements,,
beyerdynamic dt 880 pro casque studio,high-tech,high-tech,,
"beyond drape tringle a rideaux extensible blanc differentes tailles avec lot de 2 crochets a visser plat recouvert de plastique pour la suspension des rideaux a volants, 100-160 cm",cuisine et maison,cuisine et maison,,
bibliotheque 3 portes blanc laque l95cm snow,cuisine et maison,cuisine et maison,,
"bibliotheque marla - 139,1 x 151,2 x 25 cm - blanc & noyer",cuisine et maison,cuisine et maison,,
"biere - alcool 5,2 % vol. 6x25cl",epicerie,epicerie,,
biere 1664 - la canette de 50cl,epicerie,epicerie,,
biere ambree hapchot,epicerie,epicerie,,
"biere aromatisee tequila desperados, 5,9deg, 12x33cl",epicerie,epicerie,,
biere blonde 4 x 33 cl,epicerie,auto et moto,,
biere blonde de la reunion bourbon 5deg 33cl,epicerie,epicerie,,
"biere blonde, pelforth, pack de 6 bouteilles de 25cl",epicerie,epicerie,,
biere honkers ale goose island,epicerie,epicerie,,
biere la verte au genepi - brasserie du mont blanc| verte - france| 6 x 75 cl - 3760023241121,epicerie,epicerie,,
biere sans alcool aux agrumes tourtel twist,epicerie,epicerie,,
"biere sierra nevada pale ale|blonde- etats-unis|6 x 35,5 cl - 083783375251",epicerie,jeux video,,
biere speciale remes,epicerie,epicerie,,
biscuits citron et gingembre - 150g - 340844,animalerie,auto et moto,,
bison grass vodka,epicerie,jeux video,,
blazer en maille jaspee,vetements,vetements,,
blouse en tissu armure,vetements,vetements,,
blouson zippe motard en simili,vetements,vetements,,
blue orange taco chat bouc cheese pizza,animalerie,animalerie,,
body naissance coton 0 mois-3 ans (lot de 3),vetements,vetements,,
boisson instantane au,epicerie,epicerie,,
boite de 10 masques coque 9322 antipoussieres ffp2 r d a elastique bleu avec soupape respiratoire,hygiene et sante,hygiene et sante,,
"boites almo nature legend 5 x 70 g + 1 boite offerte !truite, thon",animalerie,bebe et puericulture,,
bomcomi 12v-48v batterie plomb-acide jauge de batterie lithium voltmetre lcd 48v capacite testeur indicateur analyseur 12v 24v 48v,auto et moto,auto et moto,,
bonnes tables auvergne - limousin |21 x 12 cm |96 pages - 9782746937550,cuisine et maison,cuisine et maison,,
bordeaux - vin rouge 5l,epicerie,epicerie,,
bordeaux superieur chateau canteloudette 2013,epicerie,epicerie,,
bordeaux superieur vin rouge chateau bois de la charbonnieres,epicerie,epicerie,,
bosch - systeme de percage tassimo bosch - 00616231,epicerie,epicerie,,
bosch croquette agneau/riz pour chien adulte 15 kg,animalerie,animalerie,,
bosch tassimo vivy tas1257 - creme,epicerie,epicerie,,
bose qc35 quietcomfort casque bluetooth,high-tech,high-tech,,
bouchees pour chat ..,animalerie,animalerie,,
"bougie ""oeillet du tigre"" | noir | 60 h - 250 g - bgw",cuisine et maison,cuisine et maison,,
bougie 1 meche moods |harmony |235g - 45 heures env. - m01,cuisine et maison,cuisine et maison,,
bougie grande jarre yankee candle figues et mures gourmandes,cuisine et maison,jeux video,,
bougie parfumee coco tiare,cuisine et maison,cuisine et maison,,
"bougie parfumee en ceramique imprime blanche, beige et bleue",cuisine et maison,cuisine et maison,,
bougies a pois chiffre 1,cuisine et maison,cuisine et maison,,
"bourgogne hautes cotes de nuits, 2018, rouge - 6 x 75 cl - 3296311186381",epicerie,epicerie,,
"bourgogne hautes-cotes de nuits aop rouge morin, bouteille de 75cl",epicerie,epicerie,,
box de noel pour chien,animalerie,animalerie,,
boys vehicles vests 2 pack - caraco,vetements,vetements,,
bracelet connecte garmin vivosmart 4 gris avec bracelet noir taille l,high-tech,high-tech,,
bracelet connecte samsung gear fit,high-tech,high-tech,,
bracelet sangle bande silicone fitness remplace...,high-tech,high-tech,,
brit care cat daisy i've to control my weight,animalerie,animalerie,,
buffet 1m22 x 91cm,cuisine et maison,cuisine et maison,,
"buffet 4 portes vitrees , jerk",cuisine et maison,cuisine et maison,,
bureau aarhus 115 x 60 cm,cuisine et maison,cuisine et maison,,
"byjf oreillette bluetooth, ecouteurs intra-auriculaires, oreillette bluetooth, oreillette stereo pour smartphones (white)",high-tech,high-tech,,
cable audio de rechange pour casque bose(r) quietcomfort 3 (qc3) pour iphone android,high-tech,high-tech,,
cable d'embrayage pour yamaha dt 125 r/rh/re/x/rn/mx,auto et moto,hygiene et sante,,
cable video rca hitcar pour camera de recul de voiture avec fil de detection male to female 6 meters,high-tech,high-tech,,
cadillac cotes/bdx aoc rg ch.marsan cuvee m.pasquier 15 75cl,epicerie,epicerie,,
cafe - dosettes - corse,epicerie,epicerie,,
cafe capsules nespresso sumatra starbucks,epicerie,epicerie,,
cafe corse en grains latour - 250 g,epicerie,vetements,,
cafe en grain marley coffee talkin' blues 100% jamaica blue moun (mceub304f),epicerie,epicerie,,
cafe en grains : espresso forte - melange italien - 1kg - lionel lugat,epicerie,epicerie,,
cafe en grains classic rouge special bar - 1 kg - cosmai caffe (caf003),epicerie,animalerie,,
cafe en grains premium d'arome bio,epicerie,epicerie,,
cafe extra | 100 capsules|560 g - extra-nespresso_blue,epicerie,epicerie,,
cafe grain intenso (scura) illy - torrefaction foncee - 12x250g (7385),epicerie,epicerie,,
cafe l'or cafe long tassimo,epicerie,epicerie,,
cafe moulu colombie pur arabica lobodis,epicerie,epicerie,,
cafe moulu d'ethiopie,epicerie,epicerie,,
"cafe soluble maxwell house max, 100 sticks, 200g",epicerie,epicerie,,
cafeteria nescafe dolce gusto,epicerie,epicerie,,
cafetiere a dosette dolce gusto - krups,epicerie,epicerie,,
cafetiere a dosettes + 3 boites de capsules - 1.2 l - 1500 w krups,epicerie,epicerie,,
cafetiere a dosettes ou capsules philips senseo viva cafe hd6563/31 1450 w rose,epicerie,epicerie,,
camera de recul blackvue neuve,high-tech,high-tech,,
camera embarquee rotative infrarouge photos & videos 32 gigas,high-tech,high-tech,,
canape bz 160,cuisine et maison,cuisine et maison,,
canape d'angle convertible en lit but,cuisine et maison,cuisine et maison,,
canape d'angle convertible soflit,cuisine et maison,jeux video,,
canape fixe,cuisine et maison,cuisine et maison,,
canape odna en lin blanc la redoute,cuisine et maison,cuisine et maison,,
canibit oreilles de lapin pour chien - 200 g,animalerie,animalerie,,
"capsules de cafe espresso en aluminium, lungo profundo, intensite 8",epicerie,epicerie,,
capsules de cafe expresso,epicerie,epicerie,,
capsules de cafe pet..,epicerie,epicerie,,
capsules espresso notes intenses et boisees,epicerie,epicerie,,
capteur radar de recul peugeot,high-tech,high-tech,,
cardan skf vkjc 7489,auto et moto,epicerie,,
cardicool manches longues 10-16 ans,vetements,vetements,,
cardigan zippe - rouge,vetements,vetements,,
casque - ecouteurs casque audio sans fil 5in1 casque audio sans fil ecouteur hi-fi radio fm tv mp3 mp4 am1u221_you,high-tech,high-tech,,
casque audio beats by dr.dre - mixr,high-tech,high-tech,,
casque audio bluetooth filaire neuf sennheiser 4.50bt nc,high-tech,high-tech,,
casque audio bluetooth jbl e55 bt blanc,high-tech,vetements,,
casque audio jbl reflect mini bluetooth noir,high-tech,high-tech,,
"casque audio micro, oneodio casque gaming ps4, casque micro pc, casque gamer xbox one compatible pc tablette smartphone (noir)",high-tech,high-tech,,
"casque audio micro, oneodio casque gaming ps4, casque micro pc, casque gamer xbox one compatible pc tablette smartphone synthetiseur guitare piano",high-tech,high-tech,,
casque beats by dr dre studio wireless,high-tech,high-tech,,
casque beats solo hd by dr dre monochromatic magenta,high-tech,high-tech,,
casque beats solo v2 silver,high-tech,high-tech,,
casque bluetooth 4 moto modulable viper v131 - couleur :argent (m(57-58cm)),high-tech,high-tech,,
casque bluetooth bose soundlink 2,high-tech,high-tech,,
casque bluetooth sans fil stereo ecouteurs bluetooth sans fil headphone microphone pour iphone android telephones/tablettes/pc/mac,high-tech,vetements,,
"casque de jeu avec son surround virtuel px24 de turtle beach - ps4, ps4 pro, xbox one, xbox one s, pc et appareils mobiles",high-tech,high-tech,,
"casque dj, oneodio p10 casque audio studio professionnel, casque filaire, casque de monitoring, son parfait pour synthetiseur pc tablette smartphone (rouge)",high-tech,high-tech,,
casque gaming filaire communicator,high-tech,high-tech,,
casque gaming steelseries siberia v3 noir --,high-tech,high-tech,,
casque logitech g pro gaming neuf,high-tech,high-tech,,
casque marshall major iv noir,high-tech,high-tech,,
casque sans fil bose quietcomfort 35 ii noir + google assistant,high-tech,high-tech,,
"casque stereo bluetooth x10, ecouteurs bluetooth 5.0 ecouteurs sans fil oreillette intra-auriculaires casque de sport avec boite rechargeable compatible avec tous les appareils",high-tech,high-tech,,
casque stereo supra-auriculaire pliable - bluetooth 3.0 portee 10m - blanc et noir - tes111w,high-tech,high-tech,,
casque supra-auriculaire beats ep rouge --,high-tech,high-tech,,
"casque supra-auriculaire filaire beats ep - sans batterie pour une ecoute sans limite, micro et commandes integrees - noir - taille unique",high-tech,high-tech,,
"casque tv sans fil avec entree optique, cl7350 opti",high-tech,high-tech,,
casquebluetooth jbl t500 bt bleu,high-tech,high-tech,,
cat's love chat patee sans cereales poulet,animalerie,animalerie,,
ceanothe - 34432 - detroit - cadre photo - multi-vues - 10 x 15/9 x 13 cm - gris,cuisine et maison,cuisine et maison,,
cendrier - sodial(r)voiture personnalite cendrier avec lumiere led bleu (noir),auto et moto,auto et moto,,
cerises - cat. 1 - cal. +24 500g,animalerie,animalerie,,
"chaise de bureau de jeunesse hwc-g22 chaise pivotante, fauteuil directorial, similicuir ~ noir",cuisine et maison,cuisine et maison,,
chaise gamer racing sport avec coussins - hauteur reglable - inclinable pivotante noir / bleu,cuisine et maison,cuisine et maison,,
"chaises jardin, pese personne , grille -pain ....",hygiene et sante,animalerie,,
chamoagne - brut - alc. 12% vol. 75cl,epicerie,epicerie,,
champagne brut cuvee grande tradition nicolas feuillatte,epicerie,epicerie,,
chapeau de paille style western,vetements,vetements,,
chapeau fille 47cm,vetements,vetements,,
charme et douceur lucie gant/manique coton menthe 21 x 28 cm,cuisine et maison,cuisine et maison,,
chassagne montrachet aop vieilles,epicerie,epicerie,,
chateau coutet 2010 - 1er cru classe,epicerie,epicerie,,
chateau de romance bordeaux blanc 2015,epicerie,epicerie,,
chateau tertre saint martin 2014 bordeaux vin rouge,epicerie,epicerie,,
"chateauneuf-du-pape aop - 2015, rouge - 1 x 75 cl - 3391184190050",epicerie,bebe et puericulture,,
chaussettes en tissu style rustique,vetements,vetements,,
chaussettes fantaisie 1 mois-3 ans (lot de 5),vetements,vetements,,
chaussettes neoprene 36/37,vetements,vetements,,
chemise bleu denim,vetements,vetements,,
chemise crop effrangee,vetements,vetements,,
chemise en coton fantaisie a manches retroussables,vetements,vetements,,
chemise manches longues - 1 mois - 3 ans,vetements,vetements,,
chemise regular 100% coton vichy,vetements,vetements,,
chino en coton,vetements,vetements,,
classics polish micro-rayures 500ml gs27 cl140201,auto et moto,auto et moto,,
clavier gamer logitech g810 orion division + jeu tom clancy's the division,high-tech,high-tech,,
clavier mecanique cooler master,high-tech,high-tech,,
clos rene 2016 pomerol - vin rouge du bordelais,epicerie,epicerie,,
coffre de toit 350 l,auto et moto,epicerie,,
cogex 71716 cric rouleur,auto et moto,auto et moto,,
coiffeuse + commode.,cuisine et maison,jeux video,,
combi-short a motif,vetements,vetements,,
combinaison delavee imprimee,vetements,vetements,,
combinaison en maille jacquard,vetements,vetements,,
combinaison fluide motif liberty,vetements,vetements,,
combinaison longue en molleton chine avec print marguerites,vetements,vetements,,
combishort imprime fleuri turquoise clair,vetements,vetements,,
conduit d admission d air voiture/ filtre a air,auto et moto,auto et moto,,
console mobigo de vtech rose,cuisine et maison,cuisine et maison,,
console psp 3004 silver - base pack,jeux video,bebe et puericulture,,
corsair k70 rapidfire rgb clavier mecanique gaming,high-tech,high-tech,,
corse - 10 capsules plastique - intensite 8 - cafe 52g,epicerie,epicerie,,
"cosma nature 24 x 70 g + cosma snackies xxl, poulet offerts- saumon",animalerie,animalerie,,
"cosma nature 6 x 140 g pour chat - poulet, jambon de poulet.",animalerie,animalerie,,
cosma original en gelee 6 x 85 g pour chat - lot 4 saveurs - nouveau !,animalerie,high-tech,,
costantino kuba cuir veritable tabouret de bar - noir,cuisine et maison,cuisine et maison,,
cote droit passager feux phare avant double optique renault clio 2 phase 1,auto et moto,auto et moto,,
coteaux du layon chateau de fesles vin blanc 75cl,epicerie,epicerie,,
cotes du rhone - le vent - 2016 - rouge - 6x75cl - 3760026100005,epicerie,epicerie,,
couette antiacarienne en plumes d'oie - 672 g/m2 -blanc,cuisine et maison,cuisine et maison,,
couette legere naturelle - 30% duvet oie et canard - anti-acariens - 200 g/m2 - 200 x 200 cm,cuisine et maison,cuisine et maison,,
coussin en coton 40 x 40 cm graphic,cuisine et maison,cuisine et maison,,
"coussins pour palettes, siege, appui, mousse, matelassee pp (petit coussin 40x40, violet)",cuisine et maison,cuisine et maison,,
coyote mini neuf + 12 mois abonnement compris,high-tech,high-tech,,
cremant d'alsace blanc arthur metz,epicerie,epicerie,,
cric (2t) cric a pompe hydraulique,auto et moto,auto et moto,,
cristal metal bracelet formex bande poignet sangle pour fitbit versa smart watch,high-tech,high-tech,,
croquettes boeuf & cereales pour chats adultes,animalerie,animalerie,,
"croquettes bosch 10,5/12,5 kg + 2/2,5 kg offerts !",animalerie,animalerie,,
croquettes chien mini poulet,animalerie,animalerie,,
croquettes concept for life 400 g + 400 g offerts !- all cats,animalerie,animalerie,,
"croquettes feringa 400 g + 400 g offerts !- sterilised, volaille",animalerie,animalerie,,
"croquettes hill's science plan 8/10 kg + 12 x 85 g sachets offerts !- adult lapin (10 kg) + adult viande, poisson (12 x 85 g)",animalerie,animalerie,,
"croquettes orijen tundra pour chat sac 1,8 kg",animalerie,animalerie,,
croquettes pour chat poulet fromage whiskas,animalerie,animalerie,,
croquettes pour chat sterilise dinde purina,animalerie,vetements,,
croquettes pour chats adultes au saumon whiskas,animalerie,animalerie,,
croquettes pour chiens adultes de grande taille - poulet et riz 14kg - 500316,animalerie,animalerie,,
croquettes pro plan medium puppy sensitive skin optiderma sac 3 kg,animalerie,animalerie,,
croquettes purina one 2 x 800 g + cube de jeu offert !- indoor formula,animalerie,animalerie,,
croquettes royal canin 10 kg + tunnel a bruissement offert ! - outdoor 30,animalerie,auto et moto,,
crown buffet 104 cm blanc brillant,cuisine et maison,cuisine et maison,,
csl - etui de protection pour ecouteurs - etui de protection pour ecouteurs intra-auriculaires avec filet a l'interieur - etui en nylon indeformable - doublure textile souple - noir,high-tech,high-tech,,
"cubanisto mojito 5,9deg",epicerie,epicerie,,
cubes poulet au saumon chat,animalerie,animalerie,,
culotte cacatoes,vetements,auto et moto,,
culotte|violet et noir,vetements,vetements,,
"cvt pouilly fume aop blanc laurence clement""les petites roches"",75cl",epicerie,cuisine et maison,,
d-link mini cpl 500mbps wifi dhp-w310av x1,high-tech,high-tech,,
de buyer - 5110.24 - 'carbone plus' poele ronde coupe lyonnaise - queue feuillard rivetee - tole d'acier blanche,cuisine et maison,cuisine et maison,,
"deaman rideau occultant a galon fronceur - 2 rideaux occultants - bleu fonce - rideau thermique pour chambre a coucher - impermeable - coupe-vent, taupe, 135 x 245 cm",cuisine et maison,cuisine et maison,,
debardeur cordou ecru,vetements,vetements,,
debardeur de sport minni,vetements,vetements,,
degustation pur arabica,epicerie,epicerie,,
"deik aspirateur sans fil, aspirateur balai multifonction 2 en 1 (duree de la batterie au lithium 2200mah polyvalente 40 minutes, 2 vitesses reglable",cuisine et maison,cuisine et maison,,
delibest batonnet de b?uf entier pour chien- 1 batonnet,animalerie,animalerie,,
"delirium tremens, belgique - biere blonde - 6 x 33cl - 5412186000098",epicerie,epicerie,,
demarreur 4681d,auto et moto,jeux video,,
dentastix 10-25 kg sticks dental - unites : 28 barritas,animalerie,animalerie,,
"dentastix x28, pour petit chien 440g",animalerie,animalerie,,
dents - gants - homme noir m - noir - large,vetements,vetements,,
diamond tapis de salon 160x230 cm lilas - 1,cuisine et maison,cuisine et maison,,
dictador rhum dictador - 20 ans - 70cl - etui,epicerie,epicerie,,
didsbury tutti frutti gin liqueur,epicerie,jeux video,,
dominique laurent fixin vieilles vignes 2013 - vin rouge,epicerie,epicerie,,
donne armoire penderie.3tiroires,cuisine et maison,jeux video,,
dormipur matelas 140x190 cm - mousse - equilibre - 30 kg/m3 - 2 personnes - 1,cuisine et maison,cuisine et maison,,
dosette cafe castellari top quality x 20,epicerie,epicerie,,
dosettes cafe classic,epicerie,epicerie,,
dosettes creme brulee x16,epicerie,epicerie,,
douceur d'interieur 1622788 panneau a oeillets voile imprime transfert looping polyester blanc/noir 240 x 140 x 240 cm,cuisine et maison,cuisine et maison,,
douceur d'interieur parure 3 pieces 200 x 200 cm imprime danseuse etoile rose,cuisine et maison,cuisine et maison,,
doudoune deperlante effet matelasse,vetements,animalerie,,
doux matins - cafe - dosettes rigides - doux et parfume - x12 72g,epicerie,epicerie,,
drap de bain cisele les bleus de nimes,cuisine et maison,cuisine et maison,,
drap housse 160 x 200 cm - safran,cuisine et maison,cuisine et maison,,
drap housse casual blanc plusieurs tailles - 180x200 cm,cuisine et maison,cuisine et maison,,
drap-housse |lilas |plusieurs tailles - 60 x 120 cm,cuisine et maison,cuisine et maison,,
drap-housse imprime d'etoiles,cuisine et maison,cuisine et maison,,
drap-housse uni coton bonnet de 27 cm,cuisine et maison,cuisine et maison,,
drouault - couette chaude toucher duvet - extra gonflante - 220 x 240 cm,cuisine et maison,cuisine et maison,,
"echantillon - poulet, courge, myrtille",animalerie,animalerie,,
"echantillon canape, skander",cuisine et maison,cuisine et maison,,
echarpe - bleu - 180 x 35 cm - taille unique,vetements,vetements,,
echarpe - laine - carreaux - bleu - 180 x 30 cm - scia-55-blue#tu,vetements,auto et moto,,
ecouteur 3.5mm aux filaire licorne ecouteur dans l'oreille ecouteurs casque vert casque pour telephone intelligent vente chaude a3,high-tech,high-tech,,
"ecouteurs akg in-ear stereo earbuds avec jack 3,5mm pour samsung galaxy s8 / s8+ , noir",high-tech,high-tech,,
"ecouteurs avec telecommande + mic pour iphone 5/5s/6/6s, casque oreillettes intra-auriculaires pour apple ipad blue - 1",high-tech,high-tech,,
"ecouteurs bluetooth 5.0, casque bluetooth ecouteurs sans fil bluetooth, casque audio avec station de recharge convient a la plupart des smartphones pc",high-tech,high-tech,,
"ecouteurs bluetooth plantronics backbeat fit & brassard, verts --",high-tech,high-tech,,
"ecouteurs bluetooth, arespark bluetooth sports sans fil 5.0 hi-fi stereo profond, oreillettes basses ipx7 etanche 10 heures de lecture cvc 8.0 etanche au cou ecouteur magnetique dans l'oreille",high-tech,high-tech,,
ecouteurs intra-auriculaires stereo jabra rox- bluetooth(r) 4.0 - portee : 10 m - noir - 59708,high-tech,high-tech,,
ecouteurs sans fil prosound,high-tech,animalerie,,
"ecouteurs sans fil, casque sans fil, oreillette bluetooth, mini casque, casque de sport avec boite de recharge, casque d'affaires, mini ecouteurs intra-auriculaires, pour microphone iphone, kit de cha",high-tech,high-tech,,
ecouteurs stereo intra-auriculaire kit pieton iphone samsung lecteur mp3 mp4,high-tech,high-tech,,
"ecouteurs, edaona oreillettes intra-auriculaires filaires avec microphone pour iphone, ipod, ipad, samsung galaxy j5 s8 j3 j7 a5 s9,huawei mate10 p20, xiaomi red mi, v mobile, appareils avec jack 3,5m",high-tech,high-tech,,
"ecouteurs, oreillettes intra-auriculaires filaires avec microphone pour iphone, ipod, ipad, samsung galaxy j5 s8 j3 j7 a5 s9, huawei mate10 p20, xiaomi red mi, v mobile, appareils avec jack 3,5mm",high-tech,high-tech,,
"einstock white ale, islande - blonde - 6 x 33 cl - b002549",epicerie,epicerie,,
electrodes sanitas sem40 et beurer em40/41/80 ems tens 45x45 et 50x100mm,hygiene et sante,hygiene et sante,,
elicoidali |16 x 500 g - disponible,animalerie,animalerie,,
"empire gaming - h1200 casque gamer - multiplateforme - son stereo haute qualite - micro retractable, technologie de reduction de bruit - compatible avec pc, ps4, xbox one, nintendo switch - bleu",high-tech,high-tech,,
enceinte intelligente - home mini + chromecast,high-tech,high-tech,,
ensemble 2 pieces top et bloomer 1 mois-3 ans,vetements,animalerie,,
"ensemble bonnet , chausette ,body 0/6 mois",vetements,bebe et puericulture,,
ensemble bonnet et echarpe avec noeuds fantaisie,vetements,vetements,,
ensemble de lit blanc la redoute,cuisine et maison,cuisine et maison,,
ensemble matelas sommier 80 x 190,cuisine et maison,cuisine et maison,,
ensemble sweat et pantalon,vetements,epicerie,,
ensemnle body + pantalon + bavoir 'absorba',vetements,vetements,,
epic games store: trials rising,jeux video,cuisine et maison,,
epic games: upgrade: starter or founder's to challenger pack,jeux video,hygiene et sante,,
"eqlef porte encens batonnet receveur de cendres, bruleur d'encens a long naturel de natural world avec accessoires de decoration pour la maison (cuivre rouge)",cuisine et maison,jeux video,,
equilibre et nicaragua - 50 capsules,epicerie,epicerie,,
espresso - 10 x 18 capsules compatibles nespresso(r)*,epicerie,epicerie,,
eukanuba adult breed specific boxer pour chien,animalerie,animalerie,,
eukanuba adult large breed poulet pour chien - 15 kg,animalerie,animalerie,,
"exklusiv heimtextil lot de 2 housses de coussin avec fermeture eclair en jersey 40 x 60 cm, weiss, 40 x 60 cm",cuisine et maison,cuisine et maison,,
expresso - 60 dosettes souples - intensite 8 - extra format - cafe,epicerie,epicerie,,
extracteur cle clef d'extraction pour autoradio d'origine audi key3,high-tech,high-tech,,
"fannyfuny 5 pieces masque tissu lavable enfant coton reutilisables avec filtre respiratoire sport bandeaux pour fille garcon (d-06, free size)",hygiene et sante,hygiene et sante,,
"faustino edition speciale |2001, rouge |doc rioja, 75 cl - 8410441512079",epicerie,epicerie,,
"fauteuil a bascule, fauteuil bercant en bois, avec repose-pied reglable 5 niveaux, housse amovible lavable, charge max 150 kg, dimensions 67 x 125 x 91 cm, beige lyy41m",cuisine et maison,cuisine et maison,,
fauteuil en fer forge,cuisine et maison,cuisine et maison,,
fauteuil style scandinave gris ardoise - nilson,cuisine et maison,cuisine et maison,,
fauteuil velours rape a pois,cuisine et maison,cuisine et maison,,
"felix mini filetti - poulet, boeuf (40 g)",animalerie,vetements,,
"felix party mix saveur de l'ocean : saumon, colin, truite - 60 g - friandises pour chat - lot de 8",animalerie,animalerie,,
felix snack party mix grillade pour chat 60g,animalerie,animalerie,,
"feringa adult, poisson pour chat- 2 kg",animalerie,animalerie,,
fermeture eclair en metal ecouteurs intra-auriculaires mains libres microphone isolation anti tangle - rose,high-tech,high-tech,,
feu arriere droit pour peugeot 207,auto et moto,auto et moto,,
feu arriere xmax,auto et moto,epicerie,,
feuille de chene rouge france categorie 1,epicerie,epicerie,,
feux arriere gauche et droit clio 2 phase 2,auto et moto,animalerie,,
fiches iso autoradio - ford fiesta ap08 - 4hp -...,high-tech,high-tech,,
filet de canard - les eleveurs de l'ouest - 380g,animalerie,animalerie,,
filtre d'habitacle ufi filters spa 54.172.00,auto et moto,auto et moto,,
fitbit charge 2 (neuf),high-tech,high-tech,,
fitbit flex complet avec emballage neuf,high-tech,high-tech,,
fixation pour voiture tomtom pour gps tomtom rider,high-tech,high-tech,,
fixation rapide sur attelage avec cadenas pour porte-velos,auto et moto,high-tech,,
flexible de frein ferodo fhy2954,auto et moto,auto et moto,,
for apple airtags pu leather protective sleeve for apple locator tracker anti-lost device keychain protective sleeve hot,high-tech,high-tech,,
foulard martini - motif fleuri - blanc et multicolore - 106 x 106 cm - taille unique,epicerie,epicerie,,
four roses etats-unis bourbon whisky single barrel 70 cl,epicerie,jeux video,,
fouta classique mykonos rose ...,cuisine et maison,hygiene et sante,,
"frame world cadre photo fw35 pour 12 cm x 22 cm photos, couleur: noir mat, avec verre acrylique antireflet, profil de largeur 35mm, dimensions exterieures: 17,6 cm x 27,6 cm",cuisine et maison,cuisine et maison,,
frandis tapis de cuisine - scandinave - l 50 x l 120 cm,cuisine et maison,cuisine et maison,,
friandises pour chat et chien dokas sandwich poulet-fromage- lot de 3 x 70 g,animalerie,animalerie,,
"friandises pour chien rodeo pedigree, 70g",animalerie,animalerie,,
"friandises pour petits chiens ""son os a macher"" mini jumbone pedigree,4 unites, 180g",animalerie,animalerie,,
friandises smilla 2 x 125 g + 125 g offerts !- toothies,animalerie,animalerie,,
friandises whiskas pour chat : 15 % de remise !,animalerie,animalerie,,
"frolic complete, volaille",animalerie,animalerie,,
fromage pave a la leffe blonde,epicerie,epicerie,,
fut 6l ginette natural fruit bio,epicerie,cuisine et maison,,
g4s titane + casque bluetooth lg tone ultra hbs 800 offert,high-tech,high-tech,,
gadfull - casque realite virtuelle vr - edition 2016 - paire de lunettes 3d-vr pour jeux & films en 3d - compatible android & smartphones ios (sams,vetements,vetements,,
gant - 2201 - polo - homme - bleu v116 - xl (de:54),vetements,vetements,,
gant de lavage triple action gs27,auto et moto,vetements,,
gants - 100% cuir d'agneau doublure 100% cachemire - marron - 9 (fr),vetements,vetements,,
garmin - forerunner 630 - montre gps de course a pied connectee avec fonctions de coaching - ceinture cardio- frequencemetre,high-tech,high-tech,,
garmin fenix 6s noire (tres bon etat),high-tech,high-tech,,
"garmin forerunner 235 noir et rouge de marsala, 010-03717-71 - montre gps de course avec frequence cardiaque au poignet",high-tech,high-tech,,
garmin instinct montre gps multi-fonctions outdoor graphite gray,high-tech,high-tech,,
garmin venu - montre connectee gps avec ecran amoled - gray / noir,high-tech,high-tech,,
genuine beats by dr dre powerbeats 2 and 3 charge/data cable fast delive...,high-tech,high-tech,,
get 27 70 cl*,epicerie,epicerie,,
"get 27, 21deg, bouteille de 70cl",epicerie,bebe et puericulture,,
gilet en fine maille fantaisie boutonne 3-12 ans,vetements,vetements,,
gilet long ouvert,vetements,high-tech,,
gin 40deg,epicerie,epicerie,,
"gonfleur de pneu portable hcl - 150 psi - dc 12 v - pour voitures, camions, velos, ballons et objets gonflables",auto et moto,epicerie,,
"google - chromecast 2, transmision contenidomultimedia, negrochromecast 2",high-tech,high-tech,,
google chromecast audio wi-fi passarelle multimedia,high-tech,high-tech,,
google stadia premier edition - controller + chromecast ultra - new + un...,high-tech,high-tech,,
grande housse de coussin,cuisine et maison,cuisine et maison,,
grant s wisky triple wood 40d,epicerie,epicerie,,
grinigh bandeau blanchiment des dents lumiere avec 5 led tubes avec lunettes de protection et de tissu case,vetements,vetements,,
gros et petit manseng doux ndeg4 2014 - domaine uby,epicerie,epicerie,,
ha-s40bt-w-e casque sans fil bluetooth - pliable - blanc,high-tech,high-tech,,
"hama pochette pour ecouteurs intra-auriculaires (etui rigide, pochette interne en maille, mousqueton, sac de protection pour bouchon d'oreille) noir/rouge",high-tech,high-tech,,
hamiform - pause nature - cocktail de pissenlit - boite 120 g,animalerie,jeux video,,
handcrafted dry gin,epicerie,epicerie,,
"haoyk masque complet de protection pour les jeux tactiques, airsoft, paintball, protection militaire et pour costume d'halloween, noir",hygiene et sante,hygiene et sante,,
haylou montre connectee solaire de 12 modes de sports de version globale,high-tech,high-tech,,
hengda(r) 150 cm environ 350 branches arbre de noel artificiel pin vert avec support metallique sapin sapin de noel haut,cuisine et maison,vetements,,
herbe a chat gimcat hydro-gras - 150 g - 150 g,animalerie,animalerie,,
herrmann's chat patee boeuf/carotte bio,animalerie,cuisine et maison,,
hibote summer style lunettes de soleil vintage ronde femme lunettes c1,vetements,vetements,,
hill's adult calm & happy small & mini pour chien,animalerie,animalerie,,
hill's prescription diet canine i/d digestive care poulet - 12 kg,animalerie,animalerie,,
"hill's prescription diet i/d sensitive digestive care oeuf, riz pour chien",animalerie,animalerie,,
hill's prescription diet u/d urinary care pour chien- 12 kg,animalerie,animalerie,,
hill's prescription diet z/d food sensitivities pour chat- 6 x 156 g,animalerie,high-tech,,
"hill's science plan adult light thon pour chat - 1,5 kg",animalerie,animalerie,,
hill's science plan kitten thon pour chaton - en complement : 12 x 85 g sachets hill's science plan kitten viande et poisson,animalerie,animalerie,,
holyhigh ecouteurs bluetooth oreillette bluetooth sans fil casque pour sport etanche ipx7 80h autonomie auto connexion/couplage anti-bruit micro integre,high-tech,high-tech,,
home passion - drap housse - 100% coton - 57 fils/cm2 - gris et anthracite - 160 x 200 + 25 cm,cuisine et maison,cuisine et maison,,
"homealexa masque anti-poussiere masque anti-pollution, peut etre lave et reutilisable masque en polyurethane pour homme et femme, noir 12pcs",hygiene et sante,hygiene et sante,,
"homfy ensemble de housse de couette 100% coton avec taies d'oreiller, hypoallergenique et ultra douces, coton, gris fonce (220x260cm+2x75x50cm)",cuisine et maison,cuisine et maison,,
honda cx 500 - 1982 - vase d expansion,cuisine et maison,cuisine et maison,,
horloge de bureau,cuisine et maison,cuisine et maison,,
"horloge murale, bravur, ikea",cuisine et maison,cuisine et maison,,
"housse de couette ""retro"" - percale de coton - blanc - vendu seul - 240 x 260 cm",cuisine et maison,cuisine et maison,,
"housse de couette + taie(s) d'oreiller ""buxi"" - percale de coton - 71 fils - gris - 200 x 200 cm + (2x) 63 x 63 cm",cuisine et maison,cuisine et maison,,
housse de couette delices alignees en percale sable et blanc - plusieurs tailles - 240 x 220 cm,cuisine et maison,cuisine et maison,,
housse de couette grise,cuisine et maison,cuisine et maison,,
housse de couette stars blue,cuisine et maison,cuisine et maison,,
htc sensation xl beats + casque,high-tech,high-tech,,
huawei metis smartwatch bluetooth 4.2 gris,high-tech,high-tech,,
hunter nature friandises pour chien poulet,animalerie,epicerie,,
"hunter spike bone, os a macher pour chien- 3 x 68 g (12 os)",animalerie,hygiene et sante,,
hyper scape - playstation plus lightspeed pack (add-on),jeux video,epicerie,,
ifrogz coda casque arceau sans fil bluetooth noir,high-tech,high-tech,,
imountop xiaomi mi band 2 bracelet de remplacement bracelet antistatique sangle de remplacement pour xiaomi mi band 2 (aucune activite tracker) (bleu,high-tech,high-tech,,
in extenso lot de 7 bodies manches longues,vetements,vetements,,
in extenso pull long imprime fille,vetements,vetements,,
in extenso pyjama mere noel bebe fille,vetements,vetements,,
ingun tour de cou multifonction logo tete de mort design en polyester skull cache cou foulard echarpe pour motards ou airsoft masque chapeaux bandana bandeaux masque moto (indian skull),auto et moto,auto et moto,,
innis & gunn tropic like it's hot passionfruit pale ale,epicerie,epicerie,,
interrupteur principal de leve-vitre audi a4 b6 b7 fenetre lifter commutateur,auto et moto,vetements,,
"intimate wm heart chaise de gamer, siï?1/2ge de bureau, fauteuil de gaming pro dossier haut simili cuir, conception ergonomique, accoudoir ajustable, chaise d'ordinateur pivotant (rouge et gris)",cuisine et maison,cuisine et maison,,
jante tole et pneu neige bridgestone,auto et moto,auto et moto,,
jean slim fille morphologik tour de hanches fin,vetements,vetements,,
jean worker double,vetements,vetements,,
"jean, coupe droite | rose clair",vetements,vetements,,
jeu de 4 plaquettes de frein brembo p 36 024,auto et moto,auto et moto,,
jeu de 4 plaquettes de frein valeo 598736,auto et moto,auto et moto,,
jogging en molleton avec veste a pois et pantalon melange de fil brillant,vetements,vetements,,
"jsdtu dash cam, appareil photo pour voitures avec full hd 1080p 170 degres cameras grand angle, 3.0"" tft display, g-sensor, wdr, enregistrement en boucle",high-tech,high-tech,,
jules canape d'angle convertible noir,cuisine et maison,cuisine et maison,,
jupe brodee fleurs fille en denim leger,vetements,vetements,,
jupe droite denim honora,vetements,vetements,,
jzk(r) moto garage moto couverture de scooter ganzgarage cover sheet cover moto moto vtt rouleau rouge taille xl: 245 x 145 x 125cm protection noir-rou,auto et moto,auto et moto,,
"karcher 125464 batterie de cuisine lara, avec couvercle en verre, convient aux plaques a induction, 7 pieces, inox",cuisine et maison,cuisine et maison,,
kenwood kmix kmx750rd - robot patissier - 1000...,cuisine et maison,cuisine et maison,,
khanka tasche fur sony wh-1000xm4/wh-1000xm3/wh-ch700n/wh-ch500 kabelloser noise cancelling kopfhorer bluetooth etui case hulle.,high-tech,high-tech,,
kit de 8 sticker autocollant suzuki motorsport blanc s03,auto et moto,auto et moto,,
kit de tringle a rideau boule diam. 16/19 mm blanc brillant 120/210 cm fer forge,cuisine et maison,cuisine et maison,,
kit set de table,cuisine et maison,cuisine et maison,,
"kitsound enduro ecouteurs sports intra auriculaires resistants a l'eau avec crochets d'oreilles, compatibles avec les smartphones, tablettes et mp3 - rose",high-tech,high-tech,,
"koala - matelas a langer bebe en coton blanc, gris et bleu imprime",bebe et puericulture,high-tech,,
konik's tail vodka,epicerie,hygiene et sante,,
kotion each gasque gaming g1000 casque de jeu filaire avec micro basse stereo led lumiere controleur du volume pour pc smartphones bleu et noir,high-tech,high-tech,,
kronoz montre connectee - hybride zetime - bluetooth - noir - taille l,high-tech,high-tech,,
l'or cafe 3kg exquis moulu (lot de 12 x 250g),epicerie,epicerie,,
lait smilla pour chat - 6 x 250 ml6 x 250 ml,animalerie,animalerie,,
"le b par maucaillou, 2016 - bordeaux superieur, rouge - 6 x 75 cl - 3760063165425",epicerie,high-tech,,
le chat 1201104 pack de 100 bougies chauffe-plats blancs,cuisine et maison,cuisine et maison,,
le chat duobulles expert 20caps-1779134-[comp] - 1779134-[comp],animalerie,animalerie,,
le pantalon gipsy,vetements,vetements,,
le pantalon sarouel anisette,vetements,vetements,,
led colore lumineux retro-eclaire usb filaire pc gaming keyboard arc-en-souris set_q`4382,high-tech,high-tech,,
legging double face,vetements,vetements,,
legging double sherpa minnie disney,vetements,vetements,,
legging en tricot chine,vetements,vetements,,
leonardo all meat 6 x 400 g pour chat - kitten,animalerie,animalerie,,
leve-vitre moteur electrique avant droite - bmw .mini cooper r50-r53,auto et moto,high-tech,,
levoberg coussin de chaise carre en peluche avec eponge housse de siege carre antiderapant avec boucle d'attache 30cm noir,cuisine et maison,cuisine et maison,,
lg sh2 - 100w - barre de son,high-tech,high-tech,,
"linge de lit fez, coton - drap-housse 2 pers : 140x190cm",cuisine et maison,vetements,,
liqueur menthe pastille 24deg giffard 150cl,epicerie,epicerie,,
lit (matelas + sommier ),cuisine et maison,cuisine et maison,,
lit + commode + armoire bebe,cuisine et maison,cuisine et maison,,
"lit complet, sommier + matelas dunlopillo",cuisine et maison,cuisine et maison,,
lit montessori,cuisine et maison,cuisine et maison,,
lit sureleve enfant toboggan,cuisine et maison,cuisine et maison,,
lit une place 90 x 160 blanc ideal chambre enfant adolescente,cuisine et maison,cuisine et maison,,
"livehitop uiisii f108 conch mignon casque, hd microphone noise cancelling earbuds ecouteurs intra-auriculaires pour iphone et samsung mobile pc phone",high-tech,high-tech,,
lomo lazer flottant lunettes de soleil,vetements,vetements,,
long - pantalon de survetement,vetements,vetements,,
lot catz finefood 24 x 400 g pour chat,animalerie,animalerie,,
"lot cosma nature 24 x 70 g pour chat - thon, agneau - nouveau !",animalerie,animalerie,,
lot de 2 bib de vin rouge 3 l,epicerie,epicerie,,
lot de 2 bodies fantaisies,vetements,vetements,,
lot de 2 boites de capsules de cafe guatemala pur arabica |2 x 10 capsules - dgu040-[lot],epicerie,epicerie,,
lot de 2 chaises de bar cosy - blanc - 1,cuisine et maison,cuisine et maison,,
lot de 2 chevets table de chevet 2 pieces bois massif marron,cuisine et maison,cuisine et maison,,
"Lot de 2 Clé USB 32 Go USB 2.0 Mémoire Flash Drive Clef USB Pivotantes avec Cordes Bon Cadeau pour Enfant Parents et Amis (32G, Rouge/Violet)",high-tech,epicerie,,
lot de 2 dors-bien en jersey a fruits printes,vetements,vetements,,
lot de 2 paires de chaussettes anti-derapantes,vetements,animalerie,,
lot de 2 pyjamas en velours bio 0 mois-3 ans,vetements,vetements,,
lot de 2 tabourets de bar scandinave noir pieds en bois,cuisine et maison,cuisine et maison,,
lot de 3 masques antipoussiere,hygiene et sante,hygiene et sante,,
lot de 3 paquets de croquettes sp,animalerie,animalerie,,
lot de 3 tabourets de bar a reparer,cuisine et maison,cuisine et maison,,
lot de 30 perles d'espacement en forme de tete de chouette en argent vieilli bronze dore - accessoire de fabrication de bijoux - pour bracelets et colliers de bricolage - m199.,high-tech,high-tech,,
lot de 4 drap housse,cuisine et maison,jeux video,,
"lot de 5 paires de chaussettes, 15/18-23/26",vetements,vetements,,
lot de 5 tablettes de chocolat noir aux feves de cacao 60% cacao bio| 5x100g - 3007987,epicerie,epicerie,,
lot de deux bodys kimono ourson,vetements,vetements,,
lot de montres suunto,high-tech,high-tech,,
"lot feringa classic meat menu 12 x 200 g - lapin, dinde, argousier, menthe a chat",animalerie,auto et moto,,
lot feringa kitten 24 x 200 g pour chaton,animalerie,animalerie,,
"lot lukullus 24 x 400 g pour chien - lot mixte : volaille, lapin, lapin de garenne, coeurs de dinde, boeuf",animalerie,animalerie,,
"lot mixte wild freedom4 x 400 g : country, volaille, cold river, green lands, wild hills, canard",animalerie,animalerie,,
"lot schesir en gelee 24 x 85 g pour chat - thon, blanchailles",animalerie,animalerie,,
lot wild freedom adult 12 x 200 g pour chat - wide country - pur poulet,animalerie,animalerie,,
lovely casa p35792014 doudou plaid 180x220 100% pe 100% coton anthracite 180x220x cm,cuisine et maison,cuisine et maison,,
lunette de soleil femme neuve michael kors,vetements,vetements,,
lunette de soleil retro noir lun1,vetements,auto et moto,,
lunette vue jimmy fairly,vetements,vetements,,
lunettes a demi-monture et verres transparents,vetements,vetements,,
lunettes a monture transparente avec rivets,vetements,vetements,,
lunettes avec ronde verre metal,vetements,vetements,,
"lunettes cartier imitation or, branches ecailles, verres transparants, vintage",vetements,vetements,,
lunettes de soleil bebe 0/2ans,vetements,vetements,,
lunettes de soleil caramel et coloris dore neuf,vetements,vetements,,
lunettes de soleil carrees a monture acrylique,vetements,high-tech,,
lunettes de soleil club femme,vetements,vetements,,
lunettes de soleil decorees,vetements,vetements,,
lunettes de soleil effet ecailles.,vetements,vetements,,
lunettes de soleil etoiles 90s vintage,vetements,vetements,,
"lunettes de soleil glaucus, categorie 3 | rouge | a partir de 12 mois - 00006975000000",vetements,vetements,,
lunettes de soleil gucci neuve,vetements,vetements,,
lunettes de soleil litchi - noir - verres : marron - uv : categorie 4 - clsb008,vetements,hygiene et sante,,
lunettes de soleil pour enfant|rouge|verres : gris|uv3 - 257586-39y-y2#54,vetements,vetements,,
"lunettes de soleil pour femme|bleu et noir, verres degrade gris|uv3 - taille unique",vetements,vetements,,
lunettes de soleil unisexe - blanc - verres : noir - uv : categorie 4 - l310942,vetements,vetements,,
lunettes de soleil vintage.,vetements,vetements,,
lunettes de soleil|100% protection uva uvb|vert - gafas,vetements,vetements,,
lunettes komono neuves collection 2020,vetements,vetements,,
lunettes ray-ban modele aviator,vetements,vetements,,
lunettes soleil bonnie,vetements,vetements,,
lunettes soleil susi,vetements,vetements,,
"macbook pro 13"" (mi-2009) - core 2 duo 2,26 ghz - hdd 500 go - 4 go azerty - francais",high-tech,high-tech,,
"macbook pro 15.6"" retina mid 2014 i7 2,5ghz 16gb 512gb gt 750m big discount",high-tech,high-tech,,
macbook pro 16-inch space gray 2019 2.6ghz i7 16gb 512gb - good conditio...,high-tech,high-tech,,
mad catz r.a.t.5 souris filaire gaming pour pc et mac - noir mat,high-tech,high-tech,,
maillot de bain 1 piece gainant a fronces femme lascana maillot de bain 1 piece gainant a fronces femme lascana;lascana; 42c ;undefined,vetements,vetements,,
manchons de poulet cote croc - mexicain - 250g,animalerie,animalerie,,
"Manette Pour PS4, Bluetooth Manette Sans Fil DualShock 4 Sixaxis Pour PlayStation 4, Joypad Avec Double Vibration + Sticker",jeux video,bebe et puericulture,,
manette ps3 rock candy - rouge,jeux video,cuisine et maison,,
manzanilla solear - d.o. manzanilla sanlucar de barrameda - 1 x 75 cl - 8410061220040,epicerie,epicerie,,
marshall casque audio major iii voice bluetooth noir - 7340055366779,high-tech,high-tech,,
mascherine venete - 100 masques chirurgicaux emballes dans 10 paquets de 10 masques (vert),hygiene et sante,hygiene et sante,,
masque anti-poussiere lavable masque de protection solaire pour hommes et femmes #2,hygiene et sante,hygiene et sante,,
masque chirurgical enfant type 2 tissu jetable x7,hygiene et sante,hygiene et sante,,
masques en tissu visage 7 wonders - leaders<br>tundra cranberry anti-aging mask,hygiene et sante,hygiene et sante,,
matelas a memoire de forme + sommier bois,cuisine et maison,animalerie,,
matelas bultex 140x190x20 ferme servi 3 mois,cuisine et maison,cuisine et maison,,
matelas essentiel 60x120x10,cuisine et maison,cuisine et maison,,
matelas memoire de forme 160x200 memo zen hbedding - mousse viscoelastique et ergonomique,cuisine et maison,bebe et puericulture,,
matelas merinos super bed couchage latex + memoire de forme,cuisine et maison,cuisine et maison,,
matelas pour bz,cuisine et maison,cuisine et maison,,
matelas thermarest trail pro large neuf,cuisine et maison,vetements,,
matin de jade lot eponge - 1 drap de bain 70cm x 130cm 1 serviette 50cm x 90cm2 gants 15cm x 21cm - celadon,cuisine et maison,cuisine et maison,,
maxast rideau de douche tissus anti moisissure triangulaire rideau de douche polyester blanc transparent rideaux de douche 180x220,cuisine et maison,cuisine et maison,,
meantime lager 6x330ml bottles,epicerie,epicerie,,
"megapack gourmet perle les filettines en sauce 60 x 85 g pour chat - poulet, boeuf, saumon, lapin",animalerie,animalerie,,
megapack whiskas 1+ marmiton 48 x 85 g pour chat - selection mixte en gelee,animalerie,animalerie,,
"memteq(r) bluetooth smart watch montre intelligente 1.56"" flein ecran tactile avec camera de 1,3mps pour telephone andorid samsung / htc / lg / hua",high-tech,high-tech,,
meowee! chat lamelles de filet thon,animalerie,animalerie,,
meuble bas avec lavabo robinet,cuisine et maison,cuisine et maison,,
meuble noir tiroirs bois ikea buffet norden urgent,cuisine et maison,cuisine et maison,,
meuble tv blanc laque a led,cuisine et maison,cuisine et maison,,
meuble tv ikea besta burs blanc 180cm,cuisine et maison,cuisine et maison,,
micro-casque stereo sans fil pour ps4,high-tech,high-tech,,
"mijotes en sauce au lapin, foie et legumes pour chat",animalerie,animalerie,,
"milaloko mimicool gants de plein air pour homme gants anti-derapants resistants a l'usure couvrants la totalite du doigt pour velo moto (vert, m)",auto et moto,auto et moto,,
miroir meubles colonnes salle de bain,cuisine et maison,auto et moto,,
"misodiko tws-pro embouts d'ecouteurs en mousse a memoire de forme pour jabra elite 65t, active, elite sport/bragi dash pro, the headphone/samsung gear iconx, galaxy buds (3 paires, l)",high-tech,high-tech,,
mitigeur pour lavabo art nouveau| 15.5 cm - 97660,cuisine et maison,cuisine et maison,,
modrad film fenetre opaque noir film miroir fenetre sans tain anti uv anti chaleur film vitre noir film fenetre occultant auto-adhesif film pour fenetre bureau maison salle de bain (60x200 cm),cuisine et maison,cuisine et maison,,
"moko garmin forerunner 35 smartwatch bracelet en silicone avec 6 vises et un tournevis, pour garmin forerunner 35 (pas compatible de forerunner 235)montre, blanc",high-tech,high-tech,,
moma - canape 3 places fixe en cuir design vintage,cuisine et maison,cuisine et maison,,
monster elements casque arceau circum-aural sans fil bluetooth rose or,high-tech,animalerie,,
"monster hunter stories - import , jouable en francais",jeux video,high-tech,,
montaudon aop champagne brut 75cl,epicerie,epicerie,,
montre connectee homme sport gokoo smart sport montre smartwatch bluetooth montre intelligente sport tracker d'activite podometre compteur de calories camera distante pour android et ios phone (noir),high-tech,high-tech,,
"montre connectee homme, blackview sw02 smartwatch femmes moniteur cardio frequence sommeil, chronometre podometre, ecran tactile trackers d'activite, 5atm etanche montre intelligente pour android ios",high-tech,high-tech,,
montre connectee multisport garmin vivoactive 3,high-tech,high-tech,,
montre connectee vivoactive 4 grise,high-tech,high-tech,,
"montre connectees android ,stoga sw25 smart watch puce bluetooth montre intelligente support sim carte smartphone fitness tracker pour ios android - noir",high-tech,high-tech,,
"montre de sport bluetooth, gakov gaf5 bracelet etanche intelligent montre de fitness a ecran couleur avec gps & moniteur de frequence cardiaque pour les amateurs de sport",high-tech,high-tech,,
montre gps forerunner 935 avec cardio au poignet noire,high-tech,high-tech,,
montre gps kiprun 550 noir,high-tech,high-tech,,
"montre polar rs800cx + accessoires, pack complet, edition limitee",high-tech,high-tech,,
"mort subite biere blonde 5,5deg -33cl",epicerie,epicerie,,
motorcycle rubber fuel tank traction pads side gas pad knee grip protectors,auto et moto,auto et moto,,
"mouton cadet - 2015 - bordeaux, rouge - 3x75 cl - 3262151981332",epicerie,epicerie,,
"mpow casque enfant casque audio ch5 pour enfants avec protection auditive limitee de 85 db volume, fonction de partage de musique casques filaires, design dragon, cadeaux pour enfants",high-tech,high-tech,,
"mpow ecouteur bluetooth sport, ipx7 etanche ecouteur sans fil,ecouteur sport sans fil basse+, cvc 6.0 micro anti-bruit, oreillette bluetooth sport",high-tech,high-tech,,
"multipack vitakraft dental 2in1, taille s pour chien- 4 x 120 g",animalerie,animalerie,,
myguru new bee support casque/ earphone support aluminium headset universal affichage display hanger pour tous taille casque filaire sans fil (argent),high-tech,high-tech,,
natives 610500 bistrot de paris manique coton multicolore 20 x 20 x 2 cm,cuisine et maison,cuisine et maison,,
neorev topper surmatelas a memoire de forme blanc 180 x 200 cm,cuisine et maison,cuisine et maison,,
nespresso expert&milk c85 off black,epicerie,epicerie,,
nespresso inissia noir,epicerie,epicerie,,
nespresso krups u creme yy1301fd,epicerie,epicerie,,
nespresso magimix inissia,epicerie,epicerie,,
nespresso pro,epicerie,epicerie,,
nestor bio - la friandise pour chat - 150 g,animalerie,animalerie,,
neufu pour wow wurth snooper v5.00.8 r2 bluetooth scanner outil de diagnostic de voiture camoin,auto et moto,vetements,,
new google chromecast audio media streamer - black,high-tech,high-tech,,
new nintendo 2ds xl poke ball - limited edition game not included,jeux video,hygiene et sante,,
"new'c lot de 3, verre trempe compatible avec oppo a72, film protection ecran sans bulles d'air ultra resistant (0,33mm hd ultra transparent) durete 9h glass",epicerie,epicerie,,
nikka all malt 70cl 40deg,epicerie,epicerie,,
nile a line skirt - jupe en jean,vetements,vetements,,
noco boost plus gb40 1000a 12v ultrasafe booster batterie jump starter pour moteurs a essence jusqu'a 6l et moteurs diesel jusqu'a 3l,auto et moto,auto et moto,,
northweek regular jolla - lunettes de soleil polarisees grey/blue,vetements,vetements,,
offre royal canin kitten sterilised sachet en sauce 12 x 85 grs + 4 sachets offerts,animalerie,animalerie,,
"olesilk taie d'oreiller en soie naturelle de murier 16 mommes: prend soin de votre peau et moins de perte de cheveux - taupe, 65x65cm",cuisine et maison,hygiene et sante,,
"oneodio ecouteurs pour les oreilles, casque dj studio ferme, sans adaptateur, ecouteurs avec cable isolant contre le bruit (satine)",high-tech,high-tech,,
onetigris chapka/chapeau de trappeur en fourrure fausse reglable avec rabats d'oreille et masque anti-vent anti-poussiere pour hiver (noir),hygiene et sante,jeux video,,
"onikuma ameliore ii stereo casque gaming pour ps4, xbox one, pc, nintendo switch, reduction du bruit, supra-aural casque gamer avec microphone, souples cache-oreilles, 7.1 surround sonore, volume/micr",high-tech,high-tech,,
onx3 (blanc) samsung galaxy s7 edge universal mini ecouteur s530 4.0 kit voiture stereo sans fil bluetooth ecouteurs mains libres pour iphone et a,high-tech,high-tech,,
optimus chiot croissance poulet moyenne et grande taille,animalerie,animalerie,,
oreiller ergonomique orthopedique cervical coussin memoire de forme,cuisine et maison,cuisine et maison,,
oreillettes bluetooth/ ecouteurs bluetooth monstercube casque sans fil sport avec microphone bluetooth metallique a aimants pour la pratique de tous,high-tech,high-tech,,
"origeens coffret cafe moulu bio | coffret cafe degustation 4x250g, torrefaction artisanale | cafe bio moulu arabica | idee cadeau",epicerie,epicerie,,
original apple airpods 1st gen with charging case & cable mmef2am/a -ref...,high-tech,high-tech,,
"orijen senior pour chien- 6,8 kg",animalerie,animalerie,,
ottoman - pouf - gris clair - 40x25 cm - conrad,cuisine et maison,cuisine et maison,,
"ourpets spray a herbe a chat, 8 oz",animalerie,cuisine et maison,,
"ovann x stereo casque micro-pc gamer, headset anti-bruit avec contrã'le du volume, micro-casque gaming compatible avec pc et tablettes (blanc-x5)",high-tech,high-tech,,
ozone gaming ocelote tapis de souris noir,high-tech,high-tech,,
p&d chemin de table en satin bordeaux 25 m x 10 cm,cuisine et maison,cuisine et maison,,
pack 2 proteges oreillers molleton - 65 x 65 cm,cuisine et maison,cuisine et maison,,
pack de 10 boites de 10 capsules - espresso sublime or absolu - 10 x 52g - 4028599,epicerie,high-tech,,
"pack de 4 8in1, croquettes pour chat mature senior nourriture seche saveur poulet - 4 x 2kg - s0021",animalerie,animalerie,,
pack de 5 paquets de 16 dosettes - velours noir petit-dejeuner - 80 boissons - 5x128g - xl,epicerie,epicerie,,
pack de 6 delights pro dental| plusieurs formats - taille l - chien de plus de 20 kg,animalerie,animalerie,,
"pack gamer redragon: casque ares (h120) avec micro integre ultra sensible et souris griffin (m607) 8 boutons, 7200 dpi",high-tech,high-tech,,
pack of 2 large paw shaped tin lids for dog food cat food tins 10.6cm (24552),animalerie,animalerie,,
paire lunettes de soleil aviateur aviator or dore argent miroir noir neuf,vetements,vetements,,
"panach' panache sans alcool, bout..",epicerie,hygiene et sante,,
panier de rangement pliable 'ours',cuisine et maison,cuisine et maison,,
pantalon - plomb,vetements,vetements,,
pantalon cigarette 7/8 noir,vetements,vetements,,
pantalon de sport 4 - 15 ans,vetements,vetements,,
pantalon droit garcon serge,vetements,vetements,,
pantalon en matieres variees quadrille,vetements,vetements,,
pantalon en toile stretch,vetements,vetements,,
pantalon imprime fleurettes 1 mois - 3 ans,vetements,vetements,,
pantalon nature slim 100% lin,vetements,vetements,,
pantalon raye 3-12 ans,vetements,vetements,,
parka bebe 3 en 1,vetements,vetements,,
parure de couette en coton 57 fils/cm2 riziere - noir et blanc,cuisine et maison,cuisine et maison,,
parure de couette en percale,cuisine et maison,hygiene et sante,,
"parure de couette zippee coton 57 fils, rosa",cuisine et maison,cuisine et maison,,
parure de lit en coton noir motif floral 240x260 -,cuisine et maison,cuisine et maison,,
parure de lit odyssee percale de coton peigne blanc - 260 x 240 cm + (2) 65 x 65 cm,cuisine et maison,cuisine et maison,,
parure de lit sunshine 5.10 imprime jaune ethnique,cuisine et maison,cuisine et maison,,
parure de lit winnie l ourson pour lit une personneparure de lit hello kitty pour lit une personne,cuisine et maison,cuisine et maison,,
patee miamor ragout royal 22 x 100 g chaton- a la volaille,animalerie,cuisine et maison,,
patee pour chats gelee boeuf/foie/dinde/lapin friskies,animalerie,animalerie,,
"pays d'oc igp, domaine de la metairie d'alon, le village|2015, rouge|6 x 75 cl - 3760011572398",epicerie,epicerie,,
"PC247 19V 3.42A 65W Remplacement Alimentation Laptop/PC Portable Adaptateur/Chargeur Pour Asus Vivobook S300CA, S400CA, S500CA, S550CA, S550, S550C, S550CM, S550CB, S551, S551LB, S300, S301, S301LA Chargeur ordinateur portable",high-tech,high-tech,,
pedigree - recompenses friandises junior au poulet - pour les chiens - 125g,animalerie,animalerie,,
pedigree sa recompense bouchees moelleuses au poulet - pour chien - 130 g,animalerie,animalerie,,
peignoir la reine des neiges fuchsia,vetements,vetements,,
"pendentifs breloques alliage, 20pcs pendentif alice au pays des merveilles lapin montre pendentif charms pour bracelet collier fabrication bijoux, argent et bronze",high-tech,high-tech,,
pepe jeans pl040223 - bonnet - uni - femme - blanc (ecru) - taille unique (taille fabricant: taille unique),vetements,vetements,,
"pernand-vergelesses 1er cru, sous fretille, 2016 - blanc - 2 x 75 cl - 3443350048389",epicerie,auto et moto,,
pese personne balance design en verre,hygiene et sante,hygiene et sante,,
pese-personne impedancemetre usb beurer bg 64,hygiene et sante,auto et moto,,
pese-personne webcoach fit csi51369at,hygiene et sante,jeux video,,
petit chablis,epicerie,epicerie,,
petit meuble de rangement / bibliotheque / etagere,cuisine et maison,cuisine et maison,,
"philips x-tremevision pro150 h1 lampe pour eclairage avant +150%, set de 2",auto et moto,vetements,,
pictek clavier gamer mecanique clavier gaming azerty retroeclaire personnalisable- 87 touches- blue switches- 100% anti-ghosting- commandes multimedias - keycaps detachables[(nouvelle version 2019 )],high-tech,high-tech,,
pieces - lunettes de soleil rectangulaires - marron,vetements,vetements,,
pierre chanau igp grenache syrah rouge 3l,epicerie,vetements,,
"pinot noir, rose d'exception, 2019 - rose - 6 x 75 cl - 3225820064286",epicerie,epicerie,,
pioneer ts-wx120a caisson de basses compact,high-tech,high-tech,,
plantronics backbeat fit bleu ecouteurs sports bluetooth - 1,high-tech,high-tech,,
"plantronics casque gaming pc edition dolby atmos - casques audio (pc/jeux, binaural, bandeau, beige, gris, orange, avec fil, circumaural)",high-tech,high-tech,,
plateau kangei - 360g,animalerie,animalerie,,
playstation(r)plus 1-month membership (1 month package - 50% off),jeux video,bebe et puericulture,,
pneu bridgestone turanza t001 195/55 r15 85 h,auto et moto,auto et moto,,
pneu goodyear ultragrip performance+ 225/45 r19 96 v xl,auto et moto,auto et moto,,
"pneu hiver conti ts850 225/50 r17 98 v xl - e, c, 2, 72db",auto et moto,auto et moto,,
pneu nexen n'blue hd plus 185/65r14 86 h,auto et moto,auto et moto,,
poele effet pierre + dessous de plat orange- noir - plusieurs dimensions - o 20 cm (fr),cuisine et maison,cuisine et maison,,
"pomerol, 2015, rouge - 1 x 75 cl - 3700541512150",epicerie,vetements,,
poncho en maille et broderie,vetements,vetements,,
"porta 21 holistic cat poulet, riz pour chat - 2 x 10 kg",animalerie,animalerie,,
porte-injecteur - febi bilstein,auto et moto,auto et moto,,
pour ducato 2006-2020 original support de roue de secours r16 r15 1361584080,auto et moto,vetements,,
"pourpre de grezette-rouge-cahors-75,00cl-2014-3555820665146 - 3555820665146",epicerie,epicerie,,
powerbeats pro totally wireless earphones qjg9m1d**,high-tech,high-tech,,
"powerlocus casque enfant bluetooth, volume limite a 85db, reglable, micro sd carte slot, lumieres led - non oreille blue",high-tech,high-tech,,
"preparation pour rhum coco, fraise et citron 80g - 3760156000022",epicerie,epicerie,,
pro plan - medium puppy sensitive skin - chiots de races moyennes,animalerie,animalerie,,
pro plan biscuits - riche en agneau - 400 g - friandises pour chien,animalerie,animalerie,,
pro plan large athletic adult sensitive digestion optidigest a l'agneau 14 kg,animalerie,animalerie,,
proplan purina chat sterilised saumon 10kg,animalerie,hygiene et sante,,
prosecco doc signore giuseppe blanc x1 - 1,epicerie,epicerie,,
"prosecco, extra dry, cavicchioli, edition limitee - blanc - 3 x 75 cl - disponible",epicerie,epicerie,,
protection de reservoir moto models en gel compatible 'bmw camo gri skeleton'',auto et moto,auto et moto,,
protection pour carrosserie 875 x 562 mm,auto et moto,auto et moto,,
prune rouge obilnaya du tarn fr.,epicerie,cuisine et maison,,
ps4 1 to noire,jeux video,epicerie,,
pull avec applications,vetements,vetements,,
pull col cheminee maille chinee,vetements,vetements,,
pull en maille crochetee,vetements,vetements,,
pull rouge et beige,vetements,vetements,,
pure h2o,cuisine et maison,cuisine et maison,,
"purina one croquette dual au poulet 1,4kg",animalerie,animalerie,,
"purizon adult sterilised, poulet & poisson - lot % : 2 x 6,5 kg",animalerie,animalerie,,
"purizon adult, agneau, poisson pour chat- 3 x 2,5 kg",animalerie,animalerie,,
pyjama en velours 'pat patrouille',vetements,vetements,,
pyjama imprime theme sport 10-16 ans (lot de 2),vetements,vetements,,
pyjama long de noel,vetements,vetements,,
pyjama polaire,vetements,vetements,,
pyjama velours pantalon avec pieds 2-12 ans,vetements,vetements,,
qiilu couvercle de joystick mmi bouton kit de reparation avec 2 joints pour audi a4 a5 a6 q5 q7 s5 s6,auto et moto,auto et moto,,
ray ban round metal rb 3447-n 004/51 - lunettes de...,vetements,vetements,,
"ray ban sunglasses aviator, 3025, large 62mm,gold frame / green lens, pr...",vetements,vetements,,
"ray ban unisex sonnenbrille aviator, gr. large (herstellergrosse: 58), gold (gold 112/19, glaser: kristall grun, gespiegelt grun)",vetements,vetements,,
razer deathstalker chroma clavier gaming noir,high-tech,high-tech,,
recepteur d'embrayage - herth+buss jakoparts,auto et moto,cuisine et maison,,
recompenses pour chiens moyens et grands chiens markies trio pedigree,animalerie,animalerie,,
"redragon souris mmo a led rvb rgb impact avec boutons lateraux souris de jeu a fil laser avec 12 400 dpi, haute precision, 19 boutons de souris programmables",high-tech,high-tech,,
refurbished 12-inch macbook 1.3ghz dual-core intel core m7- space gray,high-tech,high-tech,,
refurbished 13.3-inch macbook air 1.6ghz dual-core intel core i5 with retina display - gold,high-tech,high-tech,,
rehausseur / siege auto - enfant,bebe et puericulture,bebe et puericulture,,
rekorderlig mango-raspberry (500ml),epicerie,epicerie,,
repas plaisir care - eminces hairball control - 12x85g,animalerie,animalerie,,
resolve - veste hardshell,vetements,vetements,,
rhinenet de remplacement extension de cable audio spirale pour marshall major ii moniteur cordons de casque et microphone controle du volume pour iphone samsung marron,high-tech,high-tech,,
rhum anejo bacardi,epicerie,auto et moto,,
rhum diplomatico,epicerie,vetements,,
"rhum vieux ""reserve de la famille"", j.m 1 x 70 cl - 3329060000957",epicerie,epicerie,,
"rhum vieux agricole, secret de futs, riche, 42,4% vol. - 1 x 70 cl - 3107460008380",epicerie,epicerie,,
rideau de douche vert et blanc,cuisine et maison,cuisine et maison,,
robe de chambre en sherpa monstre avec details en relief,vetements,vetements,,
robe de noel fille toute en sequins,vetements,vetements,,
robe et collant gris et rouge,vetements,vetements,,
robe imprimee a noeuds,vetements,vetements,,
robe maille bicolore,vetements,epicerie,,
robe ml hatila,vetements,vetements,,
robe zippee en maille chinee,vetements,vetements,,
robot aspirateur et laveur amibot animal h2o,cuisine et maison,cuisine et maison,,
"roccat elo x stereo - casque de jeu pour pc, mac, xbox, playstation & mobile, reglable , noir",high-tech,high-tech,,
rocco chings steak style pour chien - canard (200 g),animalerie,animalerie,,
rotule de direction delphi ta1941,auto et moto,auto et moto,,
"royal canin - sterilised appetite control 7+ sac de 1,5 kg/ chat sterilise quemandeur de + 7 ans",animalerie,animalerie,,
royal canin feline nutrition exigent 42 protein - croquettes 10 kg,animalerie,animalerie,,
royal canin fit 32 pour chat- promo : 10 kg + 2 kg offerts,animalerie,animalerie,,
royal canin maine coon kitten pour chaton - 400 g,animalerie,animalerie,,
royal canin medium adult - 15 kg,animalerie,animalerie,,
"royal canin sterilised 7+ appetite control pour chat - 1,5 kg",animalerie,animalerie,,
royal canin sterilised 7+ appetite control pour chat - 400 g - 400 g,animalerie,animalerie,,
"royal canin sterilised 7+ pour chat- 3 x 3,5 kg",animalerie,animalerie,,
royal canin vcn - neutered young female - 10 kg,animalerie,animalerie,,
"russian standard vodka, 1l",epicerie,jeux video,,
ry7591,cuisine et maison,cuisine et maison,,
s haut parleur 2 voies eclatees alpine spg13cs,high-tech,high-tech,,
sailnovo bache voiture exterieur impermeable 210t noir housse de protection auto voiture etanche couverture voiture 5.3 x 2 x 1.5m,auto et moto,jeux video,,
"saint-julien, grand cru classe, 2016 - rouge - 1 x 75 cl - 3760280780012",epicerie,epicerie,,
"saintderg(r) housse de chaise 4 pieces, housse de salle a manger pour un ajustement universel, lycra etirable, durable, bouquet, hotel, decor de restaurant (rouge, 4 pieces)",cuisine et maison,cuisine et maison,,
saladier en verre lys empilable 61 cl,epicerie,epicerie,,
"samsung eo-eg920bregww ecouteurs intra-auriculaires pour galaxy s6 3,5 mm rouge",high-tech,high-tech,,
samsung galaxy watch 42mm + facture,high-tech,high-tech,,
"saumon fume ecossais - 8/10 tranches, tranchees a la main - 500g - 228-500",animalerie,jeux video,,
"savfy(r) bluetooth 4.1 casques ecouteurs sans fil stereo sport course gym ,rouge",high-tech,cuisine et maison,,
schesir en gelee 6 x 85 gfilet de poulet,animalerie,high-tech,,
scotch whisky - 14 ans d'age - alc. 43% vol. 70cl,epicerie,epicerie,,
"scotch whisky william peel old 40deg, 2 litres",epicerie,epicerie,,
securome masque a gaz anti-poussiere respirateur filtre chimique anti-poussiere masques industrielle peinture pulverisation masque de protection securite au travail,hygiene et sante,cuisine et maison,,
sennheiser hd 4.50 btnc wireless casque avec micro pleine taille sans fil bluetooth nfc* suppresseur de bruit actif noir,high-tech,high-tech,,
sensations - selection viandes poissons en gelees pour chats,animalerie,animalerie,,
serie galaxie - taie de traversin 85x185cm,cuisine et maison,cuisine et maison,,
serviette de bain jacquard dentelle (lot de 2),cuisine et maison,cuisine et maison,,
serviette de plage lemon,cuisine et maison,animalerie,,
set 10 bougies + 1 bougie anniversaire harry potter kawaii - cire - multicolore - des 3 ans - 4895205601291,cuisine et maison,cuisine et maison,,
set de tables,cuisine et maison,cuisine et maison,,
set pour bock lavement pic,epicerie,auto et moto,,
shaggy soft - tapis - 2000 gr/m2,cuisine et maison,animalerie,,
"shorts de pyjama, lot de 2",vetements,vetements,,
siege auto babyzen compatible yoyo,bebe et puericulture,bebe et puericulture,,
siege auto bebe enfant groupe,bebe et puericulture,bebe et puericulture,,
siege auto cloud q - gris- des la naissance a 13kg - 516110003,bebe et puericulture,bebe et puericulture,,
"siege auto cocoon ii isofix groupe 1,2,3 : 9-36 kg - (sps) + toptether (gris)",bebe et puericulture,bebe et puericulture,,
siege auto cosy coque groupe 0,bebe et puericulture,bebe et puericulture,,
siege auto groupe 0+/1 de 0 a 18 kg - fabrication 100% francaise - 3 etoiles test tcs - 20 coloris - cale tete et assise rembourres.,bebe et puericulture,bebe et puericulture,,
siege auto joie trillo shield neuf,bebe et puericulture,bebe et puericulture,,
siege auto trillo luxx slate,bebe et puericulture,bebe et puericulture,,
siege-auto pallas 2 -fix gray rabbit - de 9 mois a 12 ans - 10002795,bebe et puericulture,vetements,,
siege-auto rodixp fix star wars,bebe et puericulture,bebe et puericulture,,
siege-auto simplysit groupe 2/3,bebe et puericulture,bebe et puericulture,,
silicone pratique lunettes sangle lunettes lunettes de soleil sports bande porte-cordon,vetements,vetements,,
skagen montre connectee skt1412,high-tech,high-tech,,
skin doctors ingrow go lotion | pour poils incarnes | appliquer en...,hygiene et sante,cuisine et maison,,
smart bracelet connectee bluetooth avec ecran tactile sport tracker podometre calories sommeil surveillance bracelet intelligent frequence cardiaq,high-tech,high-tech,,
"smart tv official 12 mois for smart tv, android, m3u, xtream code(envoi 10 min)",high-tech,high-tech,,
smartwatch 2 noir,high-tech,high-tech,,
smartwatch amazfit gtr 47 mm/a1902 47 en alliage d'aluminium pour xiaomi,high-tech,high-tech,,
smc chou blanc,epicerie,epicerie,,
smirnoff & cranberry pre mixed can 250ml,epicerie,cuisine et maison,,
"snooper pl 5200 truckmate gps elements dedies a la navigation embarquee europe fixe, 16:9",high-tech,high-tech,,
soehnle - 6208028 - pese-personne pharo - 200 kg,hygiene et sante,hygiene et sante,,
sogen casque bluetooth lunettes de soleil gris,high-tech,high-tech,,
sommier 140x190 deux places,cuisine et maison,cuisine et maison,,
sommier a lattes 160 cadre acier,cuisine et maison,cuisine et maison,,
sommier avec encadrement et pieds,cuisine et maison,cuisine et maison,,
"songmics(r) porte-manteau au style vintage, vestiaire, avec etageres a chaussures, meuble de rangement/d'entree avec crochets, hsr41bx",cuisine et maison,cuisine et maison,,
"sonic audio (r) - lot de 2 lecteurs dvd universels hr-10c avec ecran 10,1"" a fixer sur un appuie-tete - avec casques audio sans fil a infrarouge/port usb/sd/hdmi - systeme de divertissement pour passa",high-tech,high-tech,,
sony mdr-xd150 casque hifi - noir,high-tech,high-tech,,
"sony wh-ch510 kabellose bluetooth kopfhorer (kraftvoller klang, eingebauter sprachassistent, quick charge, bis zu 35 stunden akkulaufzeit, wireless) schwarz",high-tech,high-tech,,
sony wh-ch700n black wireless bluetooth noise cancelling headphones digi...,high-tech,high-tech,,
soufflet de cardan skf vkjp 8046,auto et moto,auto et moto,,
souris gaming mad catz rat 4 noir,high-tech,high-tech,,
souris gaming rgb,high-tech,high-tech,,
souris pc razer deathadder chroma - overwatch edition,high-tech,high-tech,,
sous nappe - protection de table blanc- differentes longueurs (140x140 cm),cuisine et maison,cuisine et maison,,
"soutien-gorge ndeg2 - push-up plongeant, dentelle en relief",vetements,vetements,,
"spanish !suenos y deseos! children's books in spanish: una guia para alcanzar tus suenos (yo puedo, tu puedes, todos podemos no 3) (spanish edition)",epicerie,epicerie,,
special chat sterilise - bouchees pour chats - poissons et viandes - sachet,animalerie,animalerie,,
speedbox 2.0 fur yamaha pw motor ebike tuning kit elektrofahrrader emountainbike,auto et moto,vetements,,
spirit of gamer - pack gaming 3 en 1 pro-mk3 - clavier gamer retro-eclaire 26 touches anti-ghosting 4 macros / souris gamer 7 boutons programmables,high-tech,high-tech,,
star wars tapis classic 95 x 133 cm - 1,cuisine et maison,jeux video,,
"starbucks by dolce gusto espresso roast x12 -0,066kg",epicerie,epicerie,,
stella artois 12 x 284ml bottles,epicerie,epicerie,,
"stimulateur prostatique - noir - 14,5 x o 3,2 cm - taille unique ",hygiene et sante,hygiene et sante,,
stitch housse de couette 3d imprime-1 housse de...,cuisine et maison,jeux video,,
sueno 2013 - bodega la magdalena,epicerie,epicerie,,
sumo - maillot de bain,vetements,vetements,,
sunnypillow coussin dossier pour palette euro canape interieur/exterieur appui 120 x 40 cm plusieures tailles et couleurs a choisir coussin mousse flaconne ecru,cuisine et maison,cuisine et maison,,
super bureau de travail en bois avec 6 tiroirs 150x80cm,cuisine et maison,bebe et puericulture,,
surpyjama a capuche licorne 3-12 ans,vetements,vetements,,
survetement bebe paw mcs jogger,vetements,auto et moto,,
suzuki freewind 650 + remorque,auto et moto,auto et moto,,
sweat a capuche flyer,vetements,vetements,,
sweat a capuche great,vetements,vetements,,
sweat col rond coton micke,vetements,vetements,,
sweat en molleton zippe print smiley a col zippe,vetements,vetements,,
sweat ml galileo,vetements,vetements,,
sweat zippe sherpa,vetements,vetements,,
sweat-shirt a capuche flower,vetements,animalerie,,
sweat-shirt coton bio rayures,vetements,jeux video,,
swissco miroir cosmetique avec ventouses - grossissement x12,cuisine et maison,cuisine et maison,,
symphonic taie 50x70 coord.,cuisine et maison,cuisine et maison,,
syrousse cotes du roussillon rose 2014 vin rose x1,epicerie,epicerie,,
t-shirt a flamants roses,vetements,vetements,,
t-shirt avec motif animal 1 mois-3 ans,vetements,vetements,,
t-shirt bebe fille fantaisie jersey flamme,vetements,vetements,,
t-shirt coton bio stretch mademoiselle,vetements,vetements,,
t-shirt coton stretch,vetements,vetements,,
t-shirt energy fitness m,vetements,vetements,,
"t-shirt fille motif ""super girl""",vetements,vetements,,
"t-shirt fruit, blanc",vetements,vetements,,
T-shirt imprimé 'JDY',vetements,vetements,,
t-shirt imprime 3-12 ans,vetements,vetements,,
t-shirt manches courtes printe,vetements,cuisine et maison,,
t-shirt motif ballons,vetements,vetements,,
t-shirt surfing week,vetements,vetements,,
t-shirt tunisien garcon,vetements,vetements,,
table basse brun noir- lack neuve,cuisine et maison,cuisine et maison,,
table basse nathan en chene l105cm,cuisine et maison,jeux video,,
table basse noire ikea ronde double plateau,cuisine et maison,cuisine et maison,,
table caree pour bureau ou autre,cuisine et maison,cuisine et maison,,
"table cover/protector 2a'a mm clear 90cm wide length can be selected, plastic, various colours, 180 x 90 cm by anro",cuisine et maison,cuisine et maison,,
table d'examen + materiel medical,cuisine et maison,cuisine et maison,,
table de salon bois massif extensible avec chaises,cuisine et maison,cuisine et maison,,
table en fer + 4 chaises,cuisine et maison,cuisine et maison,,
"table ronde minnie| rose| o 60 cm x h. 46,5 cm - 712168",cuisine et maison,hygiene et sante,,
table salle a manger en chene ceruse rose,cuisine et maison,epicerie,,
table strasbourg imitation sonoma,cuisine et maison,cuisine et maison,,
table verre noir moderne 160cm modele como,cuisine et maison,cuisine et maison,,
tabouret haut en manguier,cuisine et maison,high-tech,,
taie d'oreiller 100% coton imprime astral,cuisine et maison,cuisine et maison,,
taie d'oreiller carree coton imprime fleurs orchia,cuisine et maison,cuisine et maison,,
taie d'oreiller en percale de coton 75 x 75 cm - mastic,cuisine et maison,cuisine et maison,,
tales from the borderlands season pass,jeux video,vetements,,
tanga anaiz - dentelle - blanc - s - 36 (fr),vetements,vetements,,
"tapis ""marokko"" - creme - h du fil : 13 mm - 3000 g/m2 - tapis nazar - 80 x 150",cuisine et maison,cuisine et maison,,
"tapis ""ricci menu"" - multicolore - hauteur du poil : 3 mm - 0,77 kg/m2 - vendu seul - 52 x 100 cm",cuisine et maison,epicerie,,
"tapis ""utopia"" multicolore - h du fil : 5 - 5 mm - 1250 g/m2 - 80 x 300 cm",cuisine et maison,cuisine et maison,,
tapis celeste marron (180x130cm) - monbeautapis,cuisine et maison,cuisine et maison,,
tapis d'eveil bebe rond en coton gris et bleu d90 -,cuisine et maison,cuisine et maison,,
tapis d'exterieur en polypropylene tisse motifs graphiques noirs et blancs 120x180 -,cuisine et maison,cuisine et maison,,
tapis en peau de vache artificielle blanc 150x190,cuisine et maison,cuisine et maison,,
tapis enfant mouton 55 x 78 cm -,cuisine et maison,cuisine et maison,,
tapis ikea sporup,cuisine et maison,cuisine et maison,,
"tapis pour enfant motif papillon en rose creme turquoise, dimension:80x150 cm",cuisine et maison,cuisine et maison,,
"tapis,dario, coton tufte",cuisine et maison,cuisine et maison,,
tassimo carambar cappuccino cafe dosettes a cafe t-discs paquet de 5 40 boissons,epicerie,auto et moto,,
"tassimo t-disc carte noire latte macchiato caramel 16 dosettes de 475,2 g",epicerie,epicerie,,
taste of the wild high prairie canine pour chien- 1 x 374 g,animalerie,animalerie,,
tee-shirt 8 - 16 ans,vetements,vetements,,
tee-shirt a manches longues 'mia and me',vetements,vetements,,
tee-shirt ground,vetements,vetements,,
tee-shirt imprime 'spider-man' 'marvel',vetements,animalerie,,
tee-shirt manches raglan style baseball,vetements,vetements,,
"teeling single grain cask finish whiskey irlandais, 70 cl",epicerie,epicerie,,
tefal - pp1100v0 - pese personne - classic - gris metal,hygiene et sante,vetements,,
tefal d0750202 so tasty noir poele 20,cuisine et maison,epicerie,,
telerama ndeg 3026 : jean-francois zygel : le classique pour tous !...,epicerie,epicerie,,
terdezom blanc 2016,epicerie,high-tech,,
the thing (ps2) [import anglais],jeux video,high-tech,,
the vert a la menthe - twinings,epicerie,epicerie,,
thrive friandises poulet pour chat 4 x 25 g,animalerie,animalerie,,
ticking collar dress - robe d'ete,vetements,vetements,,
titanwolf - 10800 dpi souris - mmo gaming laser mouse | 12 touches programmables | led | mode macro | y compris cd de logiciel | design ergonomique |,high-tech,high-tech,,
tokai lar 302 autoradio dock station / sd / usb,high-tech,high-tech,,
tomtom - 1rfm.001.00 runner 2 cardio + music - montre gps - bracelet large turquoise / rouge (ref 1rfm.001.00) (produit import),high-tech,vetements,,
Top à fines bretelles,vetements,vetements,,
"toro - la enfermera seleccion tempranillo - 2015, rouge - 6 x 75 cl - 8437010943201",epicerie,jeux video,,
tradition des vosges - parure de bain a composer - eponge modal - 600 g/m2 - bleu - serviette de toilette : 50 x 100 cm,cuisine et maison,cuisine et maison,,
"tresko tabouret de travail tabouret a roulettes siege pivotant par 360 degres, rembourrage de 10 cm, de 8 couleurs differentes (bordeaux)",cuisine et maison,cuisine et maison,,
tritton ax 720 + 7.1 surround headset,high-tech,high-tech,,
true instinct aliment pour chiens chiots moyennes et grandes no grain saumon 2 kg,animalerie,animalerie,,
trust gxt 320 micro-casque gaming avec bluetooth pour pc et ps3,high-tech,high-tech,,
tunique hildegarde indigo,vetements,vetements,,
tunique malibu noir,epicerie,epicerie,,
ultima bouchees en gelee au poulet et a la dinde pour le controle des boules de poils - 4 x 85g (x10) - pour chat adulte - 2,animalerie,animalerie,,
"ultima chat sterilise saumon 7,5kg",animalerie,animalerie,,
ultima croquettes pour chien medium nature agneau 3kg,animalerie,animalerie,,
"uniroyal rainsport 3 205/45 r17 88y xl, fr (tourisme ete)",auto et moto,auto et moto,,
urgent - donne commode bon etat,cuisine et maison,cuisine et maison,,
v9 ecouteur mains libres bluetooth de sports de musique avec commande vocal j5n4,high-tech,high-tech,,
"vasagle table basse rustique, bout de canape, avec etagere de rangement, pour salon, salle de reception, 100 x 50 x 45 cm lct09bx",cuisine et maison,cuisine et maison,,
vase / carafe vintage w. germany,cuisine et maison,cuisine et maison,,
vase dame-jeanne en ceramique bleue et blanche h18 -,cuisine et maison,cuisine et maison,,
vase soliflore en cristal de baccarat,cuisine et maison,cuisine et maison,,
vasque lavabo blanche a poser belinda slim haute qualite nouveaute marque rea,cuisine et maison,cuisine et maison,,
"velo porte bagage aluminium velo arriere rack, porte-velos pour montage de poteau de selle, mtb cargo porte-bagages avec reflecteur et filet de bagages",auto et moto,auto et moto,,
vend canape convertible ikea friheten,cuisine et maison,cuisine et maison,,
vend salon et fauteuils,cuisine et maison,cuisine et maison,,
ventreche de thon clair a l'huile d'olive |200 g poids net - 800251,animalerie,auto et moto,,
veste en molleton avec volant sur le bas,vetements,vetements,,
vice - bonnet - noir,vetements,vetements,,
vidaxl table et chaises de bar 7 pcs bois d'acacia massif mobilier de bar,cuisine et maison,cuisine et maison,,
vin blanc alsace riesling la cave d'augustin florent,epicerie,epicerie,,
vin blanc bourgogne pernand vergelesses chardonnay domaine joannet,epicerie,epicerie,,
vin blanc moelleux sud ouest jurancon henri de navarre,epicerie,animalerie,,
vin blanc sud ouest cotes de duras sauvignon secret de berticot sauvignon,epicerie,epicerie,,
"vin d'alsace sylvaner blanc aoc cuvee prestige baron de hoen, bouteille de 75cl",epicerie,epicerie,,
vin de pays d'oc chardonnay,epicerie,epicerie,,
"vin rouge aop, brouilly grand clos de briante, bouteille de 75cl",epicerie,epicerie,,
vin rouge bordeaux margaux les hauts du tertre,epicerie,epicerie,,
vin rouge corbieres domaine des bories,epicerie,epicerie,,
"virbac - vet hpm - chien - adult - small &toy - 1,5 kg",animalerie,animalerie,,
virbac vetcomplex cat renal,animalerie,animalerie,,
vitrine bois et verre marque habitat,cuisine et maison,epicerie,,
vivoactive 4s,high-tech,high-tech,,
vorcool 5pcs hommes femmes coton masque de bouche mignon kaomoji masque pour le visage anti poussiere visage masque de bouche noir,hygiene et sante,hygiene et sante,,
vouvray brut,epicerie,epicerie,,
vtech - 161845 - jeu electronique - kidizoom smartwatch connect - bleu,high-tech,high-tech,,
vw golf mk4 4 iv passat b5 toledo leon bouton commande de leve vitre 1j4959857d,auto et moto,hygiene et sante,,
waitrose bottle gift bag red spot,epicerie,epicerie,,
"weddecor eau boules pour centerpiece decoration, decor a la maison, marriage, vase remplisseurs, 1000 pieces - bleu roi",cuisine et maison,bebe et puericulture,,
"wenko 21660100 polaris distributeur de savon jaune 9,5 x 8,5 x 16,0 cm",cuisine et maison,cuisine et maison,,
whiskas 1+ 84 x 100 g,animalerie,animalerie,,
"whiskas les irresistibles, saveur b?uf, 60 g- b?uf (dluo 09/09/2016)",animalerie,animalerie,,
winbridge amplificateur de voix avec filaire microphone casque megaphone clip ampli portable bluetooth haut-parleur power bank impermeable a l'eau ipx5 wb800,high-tech,high-tech,,
wingsmoto lot de 2 chambres a air interieures en caoutchouc butyle 200 x 50 mm avec tige de valve coudee pour trottinette razor e100/e200 schwinn m,auto et moto,hygiene et sante,,
xiaomi bre01jy ecouteurs intra-auriculaires,high-tech,high-tech,,
xiaomi huami amazfit pace de sport intelligente montre gps pour ios et android international version 512 mb + 4 gb bluetooth 4.0 wif,high-tech,hygiene et sante,,
"xiaomi mi band 5 bracelet mixte, noir",high-tech,high-tech,,
"xiaomi miband 4,montre connectee,tracker d'activite,fitness tracker,smartwatch tensiometre bracelet connecte cardiofrequencemetre podometre/ etanche surveillance du sommeil 5atm/bt5.0 [(version 2020)]",high-tech,high-tech,,
"yaber booster batterie 1200a, demarreur de voiture 12v ip68 etanche (jusqu'a 7,5l de essence ou 6,0l diesel) jump starter avec double sortie usb qc3.0 et lamp led, cable intelligent, ul certifie (boos",auto et moto,jeux video,,
yamaha eph-30 ecouteurs stereo intra-auriculaires noir,high-tech,high-tech,,
"zeon tech chant horloge murale, vert, 24 x 24 x 1 cm",cuisine et maison,cuisine et maison,,
"zimo(r)unisexe clip solaire polarises unisexe pour lunettes lunettes de soleil (argent, couleur unie)",vetements,vetements,,